WORD,NUMBER
aban,00001
abil,00049
able,00097
abou,00145
abov,00193
abse,00241
abso,00289
abst,00337
absu,00385
abus,00433
acce,00481
acci,00529
acco,00577
accu,00625
achi,00673
acid,00721
acou,00769
acqu,00817
acro,00865
act,00913
acti,00961
acto,01009
actr,01057
actu,01105
adap,01153
add,01201
addi,01249
addr,01297
adju,01345
admi,01393
adul,01441
adva,01489
advi,01537
aero,01585
affa,01633
affo,01681
afra,01729
agai,01777
age,01825
agen,01873
agre,01921
ahea,01969
aim,02017
air,02065
airp,02113
aisl,02161
alar,02209
albu,02257
alco,02305
aler,02353
alie,02401
all,02449
alle,02497
allo,02545
almo,02593
alon,02641
alph,02689
alre,02737
also,02785
alte,02833
alwa,02881
amat,02929
amaz,02977
amon,03025
amou,03073
amus,03121
anal,03169
anch,03217
anci,03265
ange,03313
angl,03361
angr,03409
anim,03457
ankl,03505
anno,03553
annu,03601
anot,03649
answ,03697
ante,03745
anti,03793
anxi,03841
any,03889
apar,03937
apol,03985
appe,04033
appl,04081
appr,04129
apri,04177
arch,04225
arct,04273
area,04321
aren,04369
argu,04417
arm,04465
arme,04513
armo,04561
army,04609
arou,04657
arra,04705
arre,04753
arri,04801
arro,04849
art,04897
arte,04945
arti,04993
artw,05041
ask,05089
aspe,05137
assa,05185
asse,05233
assi,05281
assu,05329
asth,05377
athl,05425
atom,05473
atta,05521
atte,05569
atti,05617
attr,05665
auct,05713
audi,05761
augu,05809
aunt,05857
auth,05905
auto,05953
autu,06001
aver,06049
avoc,06097
avoi,06145
awak,06193
awar,06241
away,06289
awes,06337
awfu,06385
awkw,06433
axis,06481
baby,06529
bach,06577
baco,06625
badg,06673
bag,06721
bala,06769
balc,06817
ball,06865
bamb,06913
bana,06961
bann,07009
bar,07057
bare,07105
barg,07153
barr,07201
base,07249
basi,07297
bask,07345
batt,07393
beac,07441
bean,07489
beau,07537
beca,07585
beco,07633
beef,07681
befo,07729
begi,07777
beha,07825
behi,07873
beli,07921
belo,07969
belt,08017
benc,08065
bene,08113
best,08161
betr,08209
bett,08257
betw,08305
beyo,08353
bicy,08401
bid,08449
bike,08497
bind,08545
biol,08593
bird,08641
birt,08689
bitt,08737
blac,08785
blad,08833
blam,08881
blan,08929
blas,08977
blea,09025
bles,09073
blin,09121
bloo,09169
blos,09217
blou,09265
blue,09313
blur,09361
blus,09409
boar,09457
boat,09505
body,09553
boil,09601
bomb,09649
bone,09697
bonu,09745
book,09793
boos,09841
bord,09889
bori,09937
borr,09985
boss,10033
bott,10081
boun,10129
box,10177
boy,10225
brac,10273
brai,10321
bran,10369
bras,10417
brav,10465
brea,10513
bree,10561
bric,10609
brid,10657
brie,10705
brig,10753
brin,10801
bris,10849
broc,10897
brok,10945
bron,10993
broo,11041
brot,11089
brow,11137
brus,11185
bubb,11233
budd,11281
budg,11329
buff,11377
buil,11425
bulb,11473
bulk,11521
bull,11569
bund,11617
bunk,11665
burd,11713
burg,11761
burs,11809
bus,11857
busi,11905
busy,11953
butt,12001
buye,12049
buzz,12097
cabb,12145
cabi,12193
cabl,12241
cact,12289
cage,12337
cake,12385
call,12433
calm,12481
came,12529
camp,12577
can,12625
cana,12673
canc,12721
cand,12769
cann,12817
cano,12865
canv,12913
cany,12961
capa,13009
capi,13057
capt,13105
car,13153
carb,13201
card,13249
carg,13297
carp,13345
carr,13393
cart,13441
case,13489
cash,13537
casi,13585
cast,13633
casu,13681
cat,13729
cata,13777
catc,13825
cate,13873
catt,13921
caug,13969
caus,14017
caut,14065
cave,14113
ceil,14161
cele,14209
ceme,14257
cens,14305
cent,14353
cere,14401
cert,14449
chai,14497
chal,14545
cham,14593
chan,14641
chao,14689
chap,14737
char,14785
chas,14833
chat,14881
chea,14929
chec,14977
chee,15025
chef,15073
cher,15121
ches,15169
chic,15217
chie,15265
chil,15313
chim,15361
choi,15409
choo,15457
chro,15505
chuc,15553
chun,15601
chur,15649
ciga,15697
cinn,15745
circ,15793
citi,15841
city,15889
civi,15937
clai,15985
clap,16033
clar,16081
claw,16129
clay,16177
clea,16225
cler,16273
clev,16321
clic,16369
clie,16417
clif,16465
clim,16513
clin,16561
clip,16609
cloc,16657
clog,16705
clos,16753
clot,16801
clou,16849
clow,16897
club,16945
clum,16993
clus,17041
clut,17089
coac,17137
coas,17185
coco,17233
code,17281
coff,17329
coil,17377
coin,17425
coll,17473
colo,17521
colu,17569
comb,17617
come,17665
comf,17713
comi,17761
comm,17809
comp,17857
conc,17905
cond,17953
conf,18001
cong,18049
conn,18097
cons,18145
cont,18193
conv,18241
cook,18289
cool,18337
copp,18385
copy,18433
cora,18481
core,18529
corn,18577
corr,18625
cost,18673
cott,18721
couc,18769
coun,18817
coup,18865
cour,18913
cous,18961
cove,19009
coyo,19057
crac,19105
crad,19153
craf,19201
cram,19249
cran,19297
cras,19345
crat,19393
craw,19441
craz,19489
crea,19537
cred,19585
cree,19633
crew,19681
cric,19729
crim,19777
cris,19825
crit,19873
crop,19921
cros,19969
crou,20017
crow,20065
cruc,20113
crue,20161
crui,20209
crum,20257
crun,20305
crus,20353
cry,20401
crys,20449
cube,20497
cult,20545
cup,20593
cupb,20641
curi,20689
curr,20737
curt,20785
curv,20833
cush,20881
cust,20929
cute,20977
cycl,21025
dad,21073
dama,21121
damp,21169
danc,21217
dang,21265
dari,21313
dash,21361
daug,21409
dawn,21457
day,21505
deal,21553
deba,21601
debr,21649
deca,21697
dece,21745
deci,21793
decl,21841
deco,21889
decr,21937
deer,21985
defe,22033
defi,22081
defy,22129
degr,22177
dela,22225
deli,22273
dema,22321
demi,22369
deni,22417
dent,22465
deny,22513
depa,22561
depe,22609
depo,22657
dept,22705
depu,22753
deri,22801
desc,22849
dese,22897
desi,22945
desk,22993
desp,23041
dest,23089
deta,23137
dete,23185
deve,23233
devi,23281
devo,23329
diag,23377
dial,23425
diam,23473
diar,23521
dice,23569
dies,23617
diet,23665
diff,23713
digi,23761
dign,23809
dile,23857
dinn,23905
dino,23953
dire,24001
dirt,24049
disa,24097
disc,24145
dise,24193
dish,24241
dism,24289
diso,24337
disp,24385
dist,24433
dive,24481
divi,24529
divo,24577
dizz,24625
doct,24673
docu,24721
dog,24769
doll,24817
dolp,24865
doma,24913
dona,24961
donk,25009
dono,25057
door,25105
dose,25153
doub,25201
dove,25249
draf,25297
drag,25345
dram,25393
dras,25441
draw,25489
drea,25537
dres,25585
drif,25633
dril,25681
drin,25729
drip,25777
driv,25825
drop,25873
drum,25921
dry,25969
duck,26017
dumb,26065
dune,26113
duri,26161
dust,26209
dutc,26257
duty,26305
dwar,26353
dyna,26401
eage,26449
eagl,26497
earl,26545
earn,26593
eart,26641
easi,26689
east,26737
easy,26785
echo,26833
ecol,26881
econ,26929
edge,26977
edit,27025
educ,27073
effo,27121
egg,27169
eigh,27217
eith,27265
elbo,27313
elde,27361
elec,27409
eleg,27457
elem,27505
elep,27553
elev,27601
elit,27649
else,27697
emba,27745
embo,27793
embr,27841
emer,27889
emot,27937
empl,27985
empo,28033
empt,28081
enab,28129
enac,28177
end,28225
endl,28273
endo,28321
enem,28369
ener,28417
enfo,28465
enga,28513
engi,28561
enha,28609
enjo,28657
enli,28705
enou,28753
enri,28801
enro,28849
ensu,28897
ente,28945
enti,28993
entr,29041
enve,29089
epis,29137
equa,29185
equi,29233
era,29281
eras,29329
erod,29377
eros,29425
erro,29473
erup,29521
esca,29569
essa,29617
esse,29665
esta,29713
eter,29761
ethi,29809
evid,29857
evil,29905
evok,29953
evol,30001
exac,30049
exam,30097
exce,30145
exch,30193
exci,30241
excl,30289
excu,30337
exec,30385
exer,30433
exha,30481
exhi,30529
exil,30577
exis,30625
exit,30673
exot,30721
expa,30769
expe,30817
expi,30865
expl,30913
expo,30961
expr,31009
exte,31057
extr,31105
eye,31153
eyeb,31201
fabr,31249
face,31297
facu,31345
fade,31393
fain,31441
fait,31489
fall,31537
fals,31585
fame,31633
fami,31681
famo,31729
fan,31777
fanc,31825
fant,31873
farm,31921
fash,31969
fat,32017
fata,32065
fath,32113
fati,32161
faul,32209
favo,32257
feat,32305
febr,32353
fede,32401
fee,32449
feed,32497
feel,32545
fema,32593
fenc,32641
fest,32689
fetc,32737
feve,32785
few,32833
fibe,32881
fict,32929
fiel,32977
figu,33025
file,33073
film,33121
filt,33169
fina,33217
find,33265
fine,33313
fing,33361
fini,33409
fire,33457
firm,33505
firs,33553
fisc,33601
fish,33649
fit,33697
fitn,33745
fix,33793
flag,33841
flam,33889
flas,33937
flat,33985
flav,34033
flee,34081
flig,34129
flip,34177
floa,34225
floc,34273
floo,34321
flow,34369
flui,34417
flus,34465
fly,34513
foam,34561
focu,34609
fog,34657
foil,34705
fold,34753
foll,34801
food,34849
foot,34897
forc,34945
fore,34993
forg,35041
fork,35089
fort,35137
foru,35185
forw,35233
foss,35281
fost,35329
foun,35377
fox,35425
frag,35473
fram,35521
freq,35569
fres,35617
frie,35665
frin,35713
frog,35761
fron,35809
fros,35857
frow,35905
froz,35953
frui,36001
fuel,36049
fun,36097
funn,36145
furn,36193
fury,36241
futu,36289
gadg,36337
gain,36385
gala,36433
gall,36481
game,36529
gap,36577
gara,36625
garb,36673
gard,36721
garl,36769
garm,36817
gas,36865
gasp,36913
gate,36961
gath,37009
gaug,37057
gaze,37105
gene,37153
geni,37201
genr,37249
gent,37297
genu,37345
gest,37393
ghos,37441
gian,37489
gift,37537
gigg,37585
ging,37633
gira,37681
girl,37729
give,37777
glad,37825
glan,37873
glar,37921
glas,37969
glid,38017
glim,38065
glob,38113
gloo,38161
glor,38209
glov,38257
glow,38305
glue,38353
goat,38401
godd,38449
gold,38497
good,38545
goos,38593
gori,38641
gosp,38689
goss,38737
gove,38785
gown,38833
grab,38881
grac,38929
grai,38977
gran,39025
grap,39073
gras,39121
grav,39169
grea,39217
gree,39265
grid,39313
grie,39361
grit,39409
groc,39457
grou,39505
grow,39553
grun,39601
guar,39649
gues,39697
guid,39745
guil,39793
guit,39841
gun,39889
gym,39937
habi,39985
hair,40033
half,40081
hamm,40129
hams,40177
hand,40225
happ,40273
harb,40321
hard,40369
hars,40417
harv,40465
hat,40513
have,40561
hawk,40609
haza,40657
head,40705
heal,40753
hear,40801
heav,40849
hedg,40897
heig,40945
hell,40993
helm,41041
help,41089
hen,41137
hero,41185
hidd,41233
high,41281
hill,41329
hint,41377
hip,41425
hire,41473
hist,41521
hobb,41569
hock,41617
hold,41665
hole,41713
holi,41761
holl,41809
home,41857
hone,41905
hood,41953
hope,42001
horn,42049
horr,42097
hors,42145
hosp,42193
host,42241
hote,42289
hour,42337
hove,42385
hub,42433
huge,42481
huma,42529
humb,42577
humo,42625
hund,42673
hung,42721
hunt,42769
hurd,42817
hurr,42865
hurt,42913
husb,42961
hybr,43009
ice,43057
icon,43105
idea,43153
iden,43201
idle,43249
igno,43297
ill,43345
ille,43393
illn,43441
imag,43489
imit,43537
imme,43585
immu,43633
impa,43681
impo,43729
impr,43777
impu,43825
inch,43873
incl,43921
inco,43969
incr,44017
inde,44065
indi,44113
indo,44161
indu,44209
infa,44257
infl,44305
info,44353
inha,44401
inhe,44449
init,44497
inje,44545
inju,44593
inma,44641
inne,44689
inno,44737
inpu,44785
inqu,44833
insa,44881
inse,44929
insi,44977
insp,45025
inst,45073
inta,45121
inte,45169
into,45217
inve,45265
invi,45313
invo,45361
iron,45409
isla,45457
isol,45505
issu,45553
item,45601
ivor,45649
jack,45697
jagu,45745
jar,45793
jazz,45841
jeal,45889
jean,45937
jell,45985
jewe,46033
job,46081
join,46129
joke,46177
jour,46225
joy,46273
judg,46321
juic,46369
jump,46417
jung,46465
juni,46513
junk,46561
just,46609
kang,46657
keen,46705
keep,46753
ketc,46801
key,46849
kick,46897
kid,46945
kidn,46993
kind,47041
king,47089
kiss,47137
kit,47185
kitc,47233
kite,47281
kitt,47329
kiwi,47377
knee,47425
knif,47473
knoc,47521
know,47569
lab,47617
labe,47665
labo,47713
ladd,47761
lady,47809
lake,47857
lamp,47905
lang,47953
lapt,48001
larg,48049
late,48097
lati,48145
laug,48193
laun,48241
lava,48289
law,48337
lawn,48385
laws,48433
laye,48481
lazy,48529
lead,48577
leaf,48625
lear,48673
leav,48721
lect,48769
left,48817
leg,48865
lega,48913
lege,48961
leis,49009
lemo,49057
lend,49105
leng,49153
lens,49201
leop,49249
less,49297
lett,49345
leve,49393
liar,49441
libe,49489
libr,49537
lice,49585
life,49633
lift,49681
ligh,49729
like,49777
limb,49825
limi,49873
link,49921
lion,49969
liqu,50017
list,50065
litt,50113
live,50161
liza,50209
load,50257
loan,50305
lobs,50353
loca,50401
lock,50449
logi,50497
lone,50545
long,50593
loop,50641
lott,50689
loud,50737
loun,50785
love,50833
loya,50881
luck,50929
lugg,50977
lumb,51025
luna,51073
lunc,51121
luxu,51169
lyri,51217
mach,51265
mad,51313
magi,51361
magn,51409
maid,51457
mail,51505
main,51553
majo,51601
make,51649
mamm,51697
man,51745
mana,51793
mand,51841
mang,51889
mans,51937
manu,51985
mapl,52033
marb,52081
marc,52129
marg,52177
mari,52225
mark,52273
marr,52321
mask,52369
mass,52417
mast,52465
matc,52513
mate,52561
math,52609
matr,52657
matt,52705
maxi,52753
maze,52801
mead,52849
mean,52897
meas,52945
meat,52993
mech,53041
meda,53089
medi,53137
melo,53185
melt,53233
memb,53281
memo,53329
ment,53377
menu,53425
merc,53473
merg,53521
meri,53569
merr,53617
mesh,53665
mess,53713
meta,53761
meth,53809
midd,53857
midn,53905
milk,53953
mill,54001
mimi,54049
mind,54097
mini,54145
mino,54193
minu,54241
mira,54289
mirr,54337
mise,54385
miss,54433
mist,54481
mix,54529
mixe,54577
mixt,54625
mobi,54673
mode,54721
modi,54769
mom,54817
mome,54865
moni,54913
monk,54961
mons,55009
mont,55057
moon,55105
mora,55153
more,55201
morn,55249
mosq,55297
moth,55345
moti,55393
moto,55441
moun,55489
mous,55537
move,55585
movi,55633
much,55681
muff,55729
mule,55777
mult,55825
musc,55873
muse,55921
mush,55969
musi,56017
must,56065
mutu,56113
myse,56161
myst,56209
myth,56257
naiv,56305
name,56353
napk,56401
narr,56449
nast,56497
nati,56545
natu,56593
near,56641
neck,56689
need,56737
nega,56785
negl,56833
neit,56881
neph,56929
nerv,56977
nest,57025
net,57073
netw,57121
neut,57169
neve,57217
news,57265
next,57313
nice,57361
nigh,57409
nobl,57457
nois,57505
nomi,57553
nood,57601
norm,57649
nort,57697
nose,57745
nota,57793
note,57841
noth,57889
noti,57937
nove,57985
now,58033
nucl,58081
numb,58129
nurs,58177
nut,58225
oak,58273
obey,58321
obje,58369
obli,58417
obsc,58465
obse,58513
obta,58561
obvi,58609
occu,58657
ocea,58705
octo,58753
odor,58801
off,58849
offe,58897
offi,58945
ofte,58993
oil,59041
okay,59089
old,59137
oliv,59185
olym,59233
omit,59281
once,59329
one,59377
onio,59425
onli,59473
only,59521
open,59569
oper,59617
opin,59665
oppo,59713
opti,59761
oran,59809
orbi,59857
orch,59905
orde,59953
ordi,60001
orga,60049
orie,60097
orig,60145
orph,60193
ostr,60241
othe,60289
outd,60337
oute,60385
outp,60433
outs,60481
oval,60529
oven,60577
over,60625
own,60673
owne,60721
oxyg,60769
oyst,60817
ozon,60865
pact,60913
padd,60961
page,61009
pair,61057
pala,61105
palm,61153
pand,61201
pane,61249
pani,61297
pant,61345
pape,61393
para,61441
pare,61489
park,61537
parr,61585
part,61633
pass,61681
patc,61729
path,61777
pati,61825
patr,61873
patt,61921
paus,61969
pave,62017
paym,62065
peac,62113
pean,62161
pear,62209
peas,62257
peli,62305
pen,62353
pena,62401
penc,62449
peop,62497
pepp,62545
perf,62593
perm,62641
pers,62689
pet,62737
phon,62785
phot,62833
phra,62881
phys,62929
pian,62977
picn,63025
pict,63073
piec,63121
pig,63169
pige,63217
pill,63265
pilo,63313
pink,63361
pion,63409
pipe,63457
pist,63505
pitc,63553
pizz,63601
plac,63649
plan,63697
plas,63745
plat,63793
play,63841
plea,63889
pled,63937
pluc,63985
plug,64033
plun,64081
poem,64129
poet,64177
poin,64225
pola,64273
pole,64321
poli,64369
pond,64417
pony,64465
pool,64513
popu,64561
port,64609
posi,64657
poss,64705
post,64753
pota,64801
pott,64849
pove,64897
powd,64945
powe,64993
prac,65041
prai,65089
pred,65137
pref,65185
prep,65233
pres,65281
pret,65329
prev,65377
pric,65425
prid,65473
prim,65521
prin,65569
prio,65617
pris,65665
priv,65713
priz,65761
prob,65809
proc,65857
prod,65905
prof,65953
prog,66001
proj,66049
prom,66097
proo,66145
prop,66193
pros,66241
prot,66289
prou,66337
prov,66385
publ,66433
pudd,66481
pull,66529
pulp,66577
puls,66625
pump,66673
punc,66721
pupi,66769
pupp,66817
purc,66865
puri,66913
purp,66961
purs,67009
push,67057
put,67105
puzz,67153
pyra,67201
qual,67249
quan,67297
quar,67345
ques,67393
quic,67441
quit,67489
quiz,67537
quot,67585
rabb,67633
racc,67681
race,67729
rack,67777
rada,67825
radi,67873
rail,67921
rain,67969
rais,68017
rall,68065
ramp,68113
ranc,68161
rand,68209
rang,68257
rapi,68305
rare,68353
rate,68401
rath,68449
rave,68497
raw,68545
razo,68593
read,68641
real,68689
reas,68737
rebe,68785
rebu,68833
reca,68881
rece,68929
reci,68977
reco,69025
recy,69073
redu,69121
refl,69169
refo,69217
refu,69265
regi,69313
regr,69361
regu,69409
reje,69457
rela,69505
rele,69553
reli,69601
rely,69649
rema,69697
reme,69745
remi,69793
remo,69841
rend,69889
rene,69937
rent,69985
reop,70033
repa,70081
repe,70129
repl,70177
repo,70225
requ,70273
resc,70321
rese,70369
resi,70417
reso,70465
resp,70513
resu,70561
reti,70609
retr,70657
retu,70705
reun,70753
reve,70801
revi,70849
rewa,70897
rhyt,70945
rib,70993
ribb,71041
rice,71089
rich,71137
ride,71185
ridg,71233
rifl,71281
righ,71329
rigi,71377
ring,71425
riot,71473
ripp,71521
risk,71569
ritu,71617
riva,71665
rive,71713
road,71761
roas,71809
robo,71857
robu,71905
rock,71953
roma,72001
roof,72049
rook,72097
room,72145
rose,72193
rota,72241
roug,72289
roun,72337
rout,72385
roya,72433
rubb,72481
rude,72529
rug,72577
rule,72625
run,72673
runw,72721
rura,72769
sad,72817
sadd,72865
sadn,72913
safe,72961
sail,73009
sala,73057
salm,73105
salo,73153
salt,73201
salu,73249
same,73297
samp,73345
sand,73393
sati,73441
sato,73489
sauc,73537
saus,73585
save,73633
say,73681
scal,73729
scan,73777
scar,73825
scat,73873
scen,73921
sche,73969
scho,74017
scie,74065
scis,74113
scor,74161
scou,74209
scra,74257
scre,74305
scri,74353
scru,74401
sea,74449
sear,74497
seas,74545
seat,74593
seco,74641
secr,74689
sect,74737
secu,74785
seed,74833
seek,74881
segm,74929
sele,74977
sell,75025
semi,75073
seni,75121
sens,75169
sent,75217
seri,75265
serv,75313
sess,75361
sett,75409
setu,75457
seve,75505
shad,75553
shaf,75601
shal,75649
shar,75697
shed,75745
shel,75793
sher,75841
shie,75889
shif,75937
shin,75985
ship,76033
shiv,76081
shoc,76129
shoe,76177
shoo,76225
shop,76273
shor,76321
shou,76369
shov,76417
shri,76465
shru,76513
shuf,76561
shy,76609
sibl,76657
sick,76705
side,76753
sieg,76801
sigh,76849
sign,76897
sile,76945
silk,76993
sill,77041
silv,77089
simi,77137
simp,77185
sinc,77233
sing,77281
sire,77329
sist,77377
situ,77425
six,77473
size,77521
skat,77569
sket,77617
ski,77665
skil,77713
skin,77761
skir,77809
skul,77857
slab,77905
slam,77953
slee,78001
slen,78049
slic,78097
slid,78145
slig,78193
slim,78241
slog,78289
slot,78337
slow,78385
slus,78433
smal,78481
smar,78529
smil,78577
smok,78625
smoo,78673
snac,78721
snak,78769
snap,78817
snif,78865
snow,78913
soap,78961
socc,79009
soci,79057
sock,79105
soda,79153
soft,79201
sola,79249
sold,79297
soli,79345
solu,79393
solv,79441
some,79489
song,79537
soon,79585
sorr,79633
sort,79681
soul,79729
soun,79777
soup,79825
sour,79873
sout,79921
spac,79969
spar,80017
spat,80065
spaw,80113
spea,80161
spec,80209
spee,80257
spel,80305
spen,80353
sphe,80401
spic,80449
spid,80497
spik,80545
spin,80593
spir,80641
spli,80689
spoi,80737
spon,80785
spoo,80833
spor,80881
spot,80929
spra,80977
spre,81025
spri,81073
spy,81121
squa,81169
sque,81217
squi,81265
stab,81313
stad,81361
staf,81409
stag,81457
stai,81505
stam,81553
stan,81601
star,81649
stat,81697
stay,81745
stea,81793
stee,81841
stem,81889
step,81937
ster,81985
stic,82033
stil,82081
stin,82129
stoc,82177
stom,82225
ston,82273
stoo,82321
stor,82369
stov,82417
stra,82465
stre,82513
stri,82561
stro,82609
stru,82657
stud,82705
stuf,82753
stum,82801
styl,82849
subj,82897
subm,82945
subw,82993
succ,83041
such,83089
sudd,83137
suff,83185
suga,83233
sugg,83281
suit,83329
summ,83377
sun,83425
sunn,83473
suns,83521
supe,83569
supp,83617
supr,83665
sure,83713
surf,83761
surg,83809
surp,83857
surr,83905
surv,83953
susp,84001
sust,84049
swal,84097
swam,84145
swap,84193
swar,84241
swea,84289
swee,84337
swif,84385
swim,84433
swin,84481
swit,84529
swor,84577
symb,84625
symp,84673
syru,84721
syst,84769
tabl,84817
tack,84865
tag,84913
tail,84961
tale,85009
talk,85057
tank,85105
tape,85153
targ,85201
task,85249
tast,85297
tatt,85345
taxi,85393
teac,85441
team,85489
tell,85537
ten,85585
tena,85633
tenn,85681
tent,85729
term,85777
test,85825
text,85873
than,85921
that,85969
them,86017
then,86065
theo,86113
ther,86161
they,86209
thin,86257
this,86305
thou,86353
thre,86401
thri,86449
thro,86497
thum,86545
thun,86593
tick,86641
tide,86689
tige,86737
tilt,86785
timb,86833
time,86881
tiny,86929
tip,86977
tire,87025
tiss,87073
titl,87121
toas,87169
toba,87217
toda,87265
todd,87313
toe,87361
toge,87409
toil,87457
toke,87505
toma,87553
tomo,87601
tone,87649
tong,87697
toni,87745
tool,87793
toot,87841
top,87889
topi,87937
topp,87985
torc,88033
torn,88081
tort,88129
toss,88177
tota,88225
tour,88273
towa,88321
towe,88369
town,88417
toy,88465
trac,88513
trad,88561
traf,88609
trag,88657
trai,88705
tran,88753
trap,88801
tras,88849
trav,88897
tray,88945
trea,88993
tree,89041
tren,89089
tria,89137
trib,89185
tric,89233
trig,89281
trim,89329
trip,89377
trop,89425
trou,89473
truc,89521
true,89569
trul,89617
trum,89665
trus,89713
trut,89761
try,89809
tube,89857
tuit,89905
tumb,89953
tuna,90001
tunn,90049
turk,90097
turn,90145
turt,90193
twel,90241
twen,90289
twic,90337
twin,90385
twis,90433
two,90481
type,90529
typi,90577
ugly,90625
umbr,90673
unab,90721
unaw,90769
uncl,90817
unco,90865
unde,90913
undo,90961
unfa,91009
unfo,91057
unha,91105
unif,91153
uniq,91201
unit,91249
univ,91297
unkn,91345
unlo,91393
unti,91441
unus,91489
unve,91537
upda,91585
upgr,91633
upho,91681
upon,91729
uppe,91777
upse,91825
urba,91873
urge,91921
usag,91969
use,92017
used,92065
usef,92113
usel,92161
usua,92209
util,92257
vaca,92305
vacu,92353
vagu,92401
vali,92449
vall,92497
valv,92545
van,92593
vani,92641
vapo,92689
vari,92737
vast,92785
vaul,92833
vehi,92881
velv,92929
vend,92977
vent,93025
venu,93073
verb,93121
veri,93169
vers,93217
very,93265
vess,93313
vete,93361
viab,93409
vibr,93457
vici,93505
vict,93553
vide,93601
view,93649
vill,93697
vint,93745
viol,93793
virt,93841
viru,93889
visa,93937
visi,93985
visu,94033
vita,94081
vivi,94129
voca,94177
voic,94225
void,94273
volc,94321
volu,94369
vote,94417
voya,94465
wage,94513
wago,94561
wait,94609
walk,94657
wall,94705
waln,94753
want,94801
warf,94849
warm,94897
warr,94945
wash,94993
wasp,95041
wast,95089
wate,95137
wave,95185
way,95233
weal,95281
weap,95329
wear,95377
weas,95425
weat,95473
web,95521
wedd,95569
week,95617
weir,95665
welc,95713
west,95761
wet,95809
whal,95857
what,95905
whea,95953
whee,96001
when,96049
wher,96097
whip,96145
whis,96193
wide,96241
widt,96289
wife,96337
wild,96385
will,96433
win,96481
wind,96529
wine,96577
wing,96625
wink,96673
winn,96721
wint,96769
wire,96817
wisd,96865
wise,96913
wish,96961
witn,97009
wolf,97057
woma,97105
wond,97153
wood,97201
wool,97249
word,97297
work,97345
worl,97393
worr,97441
wort,97489
wrap,97537
wrec,97585
wres,97633
wris,97681
writ,97729
wron,97777
yard,97825
year,97873
yell,97921
you,97969
youn,98017
yout,98065
zebr,98113
zero,98161
zone,98209
zoo,98257
